date,country,yoy
1997-01-01,PT,2.8436739659367216
1997-02-01,PT,2.4360720229989363
1997-03-01,PT,2.3252302581911355
1997-04-01,PT,1.6027561414020175
1997-05-01,PT,1.8946740265552764
1997-06-01,PT,1.596300164105613
1997-07-01,PT,1.3845466726216893
1997-08-01,PT,1.5882440255306385
1997-09-01,PT,1.4843402107763026
1997-10-01,PT,1.5915513907481582
1997-11-01,PT,1.8851120676859123
1997-12-01,PT,2.078076295086828
1998-01-01,PT,1.5821381043915617
1998-02-01,PT,1.2850812407680712
1998-03-01,PT,1.4755791648221939
1998-04-01,PT,2.1819254017396483
1998-05-01,PT,2.152269399707163
1998-06-01,PT,2.6578560939794382
1998-07-01,PT,2.8487518355359898
1998-08-01,PT,2.2355347749853927
1998-09-01,PT,2.1500658183413845
1998-10-01,PT,2.5475841874085026
1998-11-01,PT,2.622377622377625
1998-12-01,PT,2.820997527991853
1999-01-01,PT,2.532751091703056
1999-02-01,PT,2.7271401487531044
1999-03-01,PT,2.820997527991853
1999-04-01,PT,2.6980233732506242
1999-05-01,PT,2.1212555539630307
1999-06-01,PT,2.1027034758975827
1999-07-01,PT,1.9131924614505857
1999-08-01,PT,1.8293554380448773
1999-09-01,PT,1.9186712485681712
1999-10-01,PT,1.8132495716733255
1999-11-01,PT,1.902328222600791
1999-12-01,PT,1.6970725498515193
2000-01-01,PT,1.902328222600791
2000-02-01,PT,1.6183986371379966
2000-03-01,PT,1.4142271248762661
2000-04-01,PT,1.882551278448985
2000-05-01,PT,2.44210526315789
2000-06-01,PT,2.815914822079013
2000-07-01,PT,3.2782291958531884
2000-08-01,PT,3.564912280701771
2000-09-01,PT,3.5684180949704825
2000-10-01,PT,3.660075725704659
2000-11-01,PT,3.636110337141263
2000-12-01,PT,3.824224725351133
2001-01-01,PT,4.3884090275842835
2001-02-01,PT,4.847722827605483
2001-03-01,PT,5.103890670757227
2001-04-01,PT,4.578047435190302
2001-05-01,PT,4.863679956158395
2001-06-01,PT,4.56465458509332
2001-07-01,PT,4.313619099294641
2001-08-01,PT,4.011383656321987
2001-09-01,PT,4.096581660336396
2001-10-01,PT,4.1801948051948035
2001-11-01,PT,4.11345610969216
2001-12-01,PT,3.911063487811406
2002-01-01,PT,3.6567462965434228
2002-02-01,PT,3.344437041972026
2002-03-01,PT,3.3567732519570237
2002-04-01,PT,3.586497890295348
2002-05-01,PT,3.436111836947986
2002-06-01,PT,3.5053427156632955
2002-07-01,PT,3.537061118335494
2002-08-01,PT,3.882736156351796
2002-09-01,PT,3.857180088610912
2002-10-01,PT,4.103363199584464
2002-11-01,PT,4.092963202065847
2002-12-01,PT,4.021655065738594
2003-01-01,PT,3.9654950431311953
2003-02-01,PT,4.112944816915931
2003-03-01,PT,3.7227214377406836
2003-04-01,PT,3.716904276985744
2003-05-01,PT,3.637741568776054
2003-06-01,PT,3.3362709303789373
2003-07-01,PT,2.9389600602863553
2003-08-01,PT,2.9098206446757757
2003-09-01,PT,3.149309912170639
2003-10-01,PT,2.81900960459025
2003-11-01,PT,2.344331431406599
2003-12-01,PT,2.2800495662949283
2004-01-01,PT,2.21671826625387
2004-02-01,PT,2.1052631578947434
2004-03-01,PT,2.2772277227722793
2004-04-01,PT,2.3809523809523725
2004-05-01,PT,2.5106642291285786
2004-06-01,PT,3.6306042884990397
2004-07-01,PT,2.9526598340654076
2004-08-01,PT,2.4253503960999456
2004-09-01,PT,2.1408587763045883
2004-10-01,PT,2.3292490598083138
2004-11-01,PT,2.5693855290267686
2004-12-01,PT,2.5684516598013074
2005-01-01,PT,2.0474921250302813
2005-02-01,PT,2.1103699211643345
2005-03-01,PT,2.214424007744431
2005-04-01,PT,2.0139055382402127
2005-05-01,PT,1.7477113304006586
2005-06-01,PT,0.6701152127909671
2005-07-01,PT,1.9080350794026923
2005-08-01,PT,2.486910994764391
2005-09-01,PT,2.7271644634988768
2005-10-01,PT,2.6081802015412103
2005-11-01,PT,2.4932057190121704
2005-12-01,PT,2.539570044885431
2006-01-01,PT,2.7068740353793252
2006-02-01,PT,2.957595914004041
2006-03-01,PT,3.84751982952527
2006-04-01,PT,3.666274970622796
2006-05-01,PT,3.6457116148632895
2006-06-01,PT,3.5384795048464257
2006-07-01,PT,2.953831840911736
2006-08-01,PT,2.7052130500406335
2006-09-01,PT,2.9677718525388253
2006-10-01,PT,2.6458694396302773
2006-11-01,PT,2.4210283606179495
2006-12-01,PT,2.522750835157228
2007-01-01,PT,2.577736677840692
2007-02-01,PT,2.3419473927088097
2007-03-01,PT,2.39398084815321
2007-04-01,PT,2.754477442756742
2007-05-01,PT,2.3788049605411477
2007-06-01,PT,2.3911572298669137
2007-07-01,PT,2.2930080198802605
2007-08-01,PT,1.9443816414198567
2007-09-01,PT,1.9702769646475993
2007-10-01,PT,2.476361999099508
2007-11-01,PT,2.80279153534444
2007-12-01,PT,2.741573033707856
2008-01-01,PT,2.896100969123294
2008-02-01,PT,2.9421711193777567
2008-03-01,PT,3.150745936317101
2008-04-01,PT,2.5261996690568056
2008-05-01,PT,2.841096795507103
2008-06-01,PT,3.392817801277803
2008-07-01,PT,3.125
2008-08-01,PT,3.093812375249483
2008-09-01,PT,3.168819697471581
2008-10-01,PT,2.4604569420035194
2008-11-01,PT,1.4234096134895458
2008-12-01,PT,0.8420822397200212
2009-01-01,PT,0.10951702989814294
2009-02-01,PT,0.06570302233903647
2009-03-01,PT,-0.5936319481921304
2009-04-01,PT,-0.5487411233053519
2009-05-01,PT,-1.2528107934468347
2009-06-01,PT,-1.5768165352652908
2009-07-01,PT,-1.4562587000749527
2009-08-01,PT,-1.2154458427449666
2009-09-01,PT,-1.7872431506849362
2009-10-01,PT,-1.608061749571188
2009-11-01,PT,-0.7664903379034804
2009-12-01,PT,-0.14098253985467268
2010-01-01,PT,0.09845749917951618
2010-02-01,PT,0.18603633180127588
2010-03-01,PT,0.6188925081433316
2010-04-01,PT,0.6815968841285214
2010-05-01,PT,1.0952071134244346
2010-06-01,PT,1.1366096557696492
2010-07-01,PT,1.9124198630881217
2010-08-01,PT,1.981707317073167
2010-09-01,PT,1.9723221096218824
2010-10-01,PT,2.320767051645234
2010-11-01,PT,2.2410791993037416
2010-12-01,PT,2.443527367506526
2011-01-01,PT,3.5956284153005447
2011-02-01,PT,3.4844347351174143
2011-03-01,PT,3.8847523470378675
2011-04-01,PT,4.018912529550822
2011-05-01,PT,3.721977904108109
2011-06-01,PT,3.3072888793749255
2011-07-01,PT,3.0387034865124063
2011-08-01,PT,2.7653213751868577
2011-09-01,PT,3.472964308612947
2011-10-01,PT,4.046427430518573
2011-11-01,PT,3.819961693977425
2011-12-01,PT,3.4983568323968983
2012-01-01,PT,3.344234623905451
2012-02-01,PT,3.546548448385045
2012-03-01,PT,3.1370104913264862
2012-04-01,PT,2.923553719008254
2012-05-01,PT,2.7094105480868658
2012-06-01,PT,2.7144633236634963
2012-07-01,PT,2.7835264900662127
2012-08-01,PT,3.137662337662328
2012-09-01,PT,2.9226479396881055
2012-10-01,PT,2.1389827039197673
2012-11-01,PT,1.916572717023679
2012-12-01,PT,2.089521663423133
2013-01-01,PT,0.44916292364232113
2013-02-01,PT,0.1936799184505622
2013-03-01,PT,0.6747910162151038
2013-04-01,PT,0.3914483589280371
2013-05-01,PT,0.9464357631897125
2013-06-01,PT,1.1801492838410255
2013-07-01,PT,0.7953287023054534
2013-08-01,PT,0.1611765891004424
2013-09-01,PT,0.2709211318483007
2013-10-01,PT,0.0
2013-11-01,PT,0.0502815768302467
2013-12-01,PT,0.1705628574295126
2014-01-01,PT,0.050813008130079496
2014-02-01,PT,-0.09156577474819239
2014-03-01,PT,-0.39015606242497336
2014-04-01,PT,-0.10997800439912497
2014-05-01,PT,-0.27927388789148466
2014-06-01,PT,-0.2492273950752688
2014-07-01,PT,-0.6791849780263703
2014-08-01,PT,-0.06034396057528202
2014-09-01,PT,-0.04002801961373592
2014-10-01,PT,0.13026052104210262
2014-11-01,PT,0.08041009146648737
2014-12-01,PT,-0.2704326923076983
2015-01-01,PT,-0.36566785170136784
2015-02-01,PT,-0.09164969450101701
2015-03-01,PT,0.4419001707341774
2015-04-01,PT,0.490441397257535
2015-05-01,PT,0.9501900380076034
2015-06-01,PT,0.7595442734359192
2015-07-01,PT,0.7139983909895564
2015-08-01,PT,0.6641843614773046
2015-09-01,PT,0.8909800780859012
2015-10-01,PT,0.7004903432402676
2015-11-01,PT,0.6226775133072238
2015-12-01,PT,0.2912523852566018
2016-01-01,PT,0.7034356203486469
2016-02-01,PT,0.17327489552543263
2016-03-01,PT,0.4699530046995193
2016-04-01,PT,0.5278884462151412
2016-05-01,PT,0.3963142772218209
2016-06-01,PT,0.6744693513191846
2016-07-01,PT,0.7189216175736313
2016-08-01,PT,0.7997600719783948
2016-09-01,PT,0.7045048620758054
2016-10-01,PT,1.053363808009533
2016-11-01,PT,0.519013873640084
2016-12-01,PT,0.8812337272181114
2017-01-01,PT,1.2856853614091834
2017-02-01,PT,1.5974765974765992
2017-03-01,PT,1.3734076433121079
2017-04-01,PT,2.3977013771921074
2017-05-01,PT,1.7270304944241532
2017-06-01,PT,1.0147783251231557
2017-07-01,PT,1.0112025379200862
2017-08-01,PT,1.2793811365665153
2017-09-01,PT,1.6356291260222866
2017-10-01,PT,1.9175926836463741
2017-11-01,PT,1.8071690993943124
2017-12-01,PT,1.6180266031367907
2018-01-01,PT,1.099450274862579
2018-02-01,PT,0.6609914872308664
2018-03-01,PT,0.8148439033968113
2018-04-01,PT,0.3193033381712729
2018-05-01,PT,1.4260768335273566
2018-06-01,PT,1.9896615624695135
2018-07-01,PT,2.227892825596234
2018-08-01,PT,1.312181746964347
2018-09-01,PT,1.8225884634027967
2018-10-01,PT,0.8201466615206376
2018-11-01,PT,0.8777918657953743
2018-12-01,PT,0.634951645990034
2019-01-01,PT,0.5734058329214031
2019-02-01,PT,0.9352303253407523
2019-03-01,PT,0.8179959100204526
2019-04-01,PT,0.8873456790123413
2019-05-01,PT,0.3060736489717941
2019-06-01,PT,0.6694080520225798
2019-07-01,PT,-0.6720430107526876
2019-08-01,PT,-0.11598685482311355
2019-09-01,PT,-0.25706940874035134
2019-10-01,PT,-0.09570293808018882
2019-11-01,PT,0.222372619162714
2019-12-01,PT,0.3688604154533204
2020-01-01,PT,0.8257151282807351
2020-02-01,PT,0.5322819122720368
2020-03-01,PT,0.13522650439485862
2020-04-01,PT,-0.13384321223709472
2020-05-01,PT,-0.6388862401067952
2020-06-01,PT,0.2184857984230959
2020-07-01,PT,-0.0773245698820757
2020-08-01,PT,-0.21288949100057852
2020-09-01,PT,-0.8018327605956554
2020-10-01,PT,-0.5651882364211214
2020-11-01,PT,-0.40517075053058127
2020-12-01,PT,-0.29013539651838727
2021-01-01,PT,0.18523934873746484
2021-02-01,PT,0.2745367192862114
2021-03-01,PT,0.12539789717371796
2021-04-01,PT,-0.09573042312845947
2021-05-01,PT,0.4798464491362786
2021-06-01,PT,-0.5592417061611399
2021-07-01,PT,1.1124008512284789
2021-08-01,PT,1.2509697439875733
2021-09-01,PT,1.3183217859892293
2021-10-01,PT,1.820809248554922
2021-11-01,PT,2.6346377373111185
2021-12-01,PT,2.783705140640169
2022-01-01,PT,3.3962631374075514
2022-02-01,PT,4.370783220885888
2022-03-01,PT,5.481695568400768
2022-04-01,PT,7.3878880797240365
2022-05-01,PT,8.089780324737351
2022-06-01,PT,9.017252883423899
2022-07-01,PT,9.432698746771262
2022-08-01,PT,9.347763624173933
2022-09-01,PT,9.810998195460163
2022-10-01,PT,10.568644147979933
2022-11-01,PT,10.249150622876568
2022-12-01,PT,9.804661696706617
2023-01-01,PT,8.649411764705883
2023-02-01,PT,8.572231590781353
2023-03-01,PT,7.97333089779888
2023-04-01,PT,6.852859819755519
2023-05-01,PT,5.3901210568171765
2023-06-01,PT,4.739004983824424
2023-07-01,PT,4.318559314625392
2023-08-01,PT,5.31663309100463
2023-09-01,PT,4.808856599204292
2023-10-01,PT,3.2431969878487177
2023-11-01,PT,2.199965759287803
2023-12-01,PT,1.890684083877625
2024-01-01,PT,2.529452529452536
2024-02-01,PT,2.2866511346967044
2024-03-01,PT,2.571476907460668
2024-04-01,PT,2.3382045929018824
2024-05-01,PT,3.8232581537687604
2024-06-01,PT,3.0636947992319863
2024-07-01,PT,2.6732590295818204
2024-08-01,PT,1.771457085828354
2024-09-01,PT,2.55817791714803
2024-10-01,PT,2.644011603812668
2024-11-01,PT,2.6719155708183173
2024-12-01,PT,3.1039136302294157
2025-01-01,PT,2.695167286245348
2025-02-01,PT,2.4633035262358494
2025-03-01,PT,1.8802572983671384
2025-04-01,PT,2.113423092615263
2025-05-01,PT,1.7039489622870052
2025-06-01,PT,2.0735460878017253
2025-07-01,PT,2.4975514201762916
2025-08-01,PT,2.5169567704502738
2025-09-01,PT,1.9230769230769162
2025-11-01,PT,2.1455376080926625
2025-12-01,PT,2.3887434554973774
1997-01-01,US,3.0381383322559907
1997-02-01,US,3.0322580645161246
1997-03-01,US,2.7652733118971096
1997-04-01,US,2.434336963484962
1997-05-01,US,2.237851662404089
1997-06-01,US,2.233567326100827
1997-07-01,US,2.165605095541401
1997-08-01,US,2.2900763358778775
1997-09-01,US,2.21940393151554
1997-10-01,US,2.0859671302149163
1997-11-01,US,1.8903591682419618
1997-12-01,US,1.6970458830924073
1998-01-01,US,1.6311166875784044
1998-02-01,US,1.440200375704448
1998-03-01,US,1.3767209011263937
1998-04-01,US,1.4383989993745905
1998-05-01,US,1.6885553470919357
1998-06-01,US,1.6229712858926382
1998-07-01,US,1.74563591022443
1998-08-01,US,1.6169154228855787
1998-09-01,US,1.4267990074441794
1998-10-01,US,1.4860681114551078
1998-11-01,US,1.4842300556586308
1998-12-01,US,1.606922126081578
1999-01-01,US,1.6666666666666607
1999-02-01,US,1.6666666666666607
1999-03-01,US,1.7283950617283939
1999-04-01,US,2.281134401972884
1999-05-01,US,2.091020910209096
1999-06-01,US,1.9656019656019597
1999-07-01,US,2.1446078431372584
1999-08-01,US,2.2643818849449104
1999-09-01,US,2.629969418960254
1999-10-01,US,2.56253813300793
1999-11-01,US,2.6203534430225606
1999-12-01,US,2.676399026763998
2000-01-01,US,2.792956891317555
2000-02-01,US,3.2179720704310855
2000-03-01,US,3.762135922330101
2000-04-01,US,3.013863773357439
2000-05-01,US,3.1325301204819134
2000-06-01,US,3.7349397590361377
2000-07-01,US,3.5992801439711952
2000-08-01,US,3.3512866546977715
2000-09-01,US,3.45649582836709
2000-10-01,US,3.4503271861986873
2000-11-01,US,3.444180522565321
2000-12-01,US,3.4360189573459543
2001-01-01,US,3.7212049616065945
2001-02-01,US,3.529411764705892
2001-03-01,US,2.9824561403508643
2001-04-01,US,3.2182562902282053
2001-05-01,US,3.5630841121495394
2001-06-01,US,3.193960511033689
2001-07-01,US,2.7214823393167498
2001-08-01,US,2.7214823393167498
2001-09-01,US,2.5921658986175045
2001-10-01,US,2.127659574468077
2001-11-01,US,1.894374282433997
2001-12-01,US,1.603665521191311
2002-01-01,US,1.1958997722095743
2002-02-01,US,1.1363636363636465
2002-03-01,US,1.3628620102214661
2002-04-01,US,1.643990929705219
2002-05-01,US,1.2408347433727984
2002-06-01,US,1.0692177827799743
2002-07-01,US,1.465614430665152
2002-08-01,US,1.747463359639223
2002-09-01,US,1.516002245929271
2002-10-01,US,2.0270270270270174
2002-11-01,US,2.2535211267605604
2002-12-01,US,2.4802705749718212
2003-01-01,US,2.757456387169399
2003-02-01,US,3.146067415730336
2003-03-01,US,3.025210084033625
2003-04-01,US,2.175125488008911
2003-05-01,US,1.8941504178273005
2003-06-01,US,1.948775055679297
2003-07-01,US,2.055555555555544
2003-08-01,US,2.216066481994461
2003-09-01,US,2.378318584070782
2003-10-01,US,2.041942604856528
2003-11-01,US,1.9283746556473913
2003-12-01,US,2.0352035203520247
2004-01-01,US,2.026286966046009
2004-02-01,US,1.688453159041381
2004-03-01,US,1.7400761283306032
2004-04-01,US,2.2925764192139875
2004-05-01,US,2.8977583378895444
2004-06-01,US,3.1676679410158393
2004-07-01,US,2.939575394665228
2004-08-01,US,2.5474254742547275
2004-09-01,US,2.5391680172879516
2004-10-01,US,3.1909140075716547
2004-11-01,US,3.621621621621607
2004-12-01,US,3.3423180592991875
2005-01-01,US,2.8448738593666034
2005-02-01,US,3.0530262453133394
2005-03-01,US,3.2068412613575736
2005-04-01,US,3.3617929562433257
2005-05-01,US,2.869287991498415
2005-06-01,US,2.541026998411855
2005-07-01,US,3.067160232681121
2005-08-01,US,3.6469344608879517
2005-09-01,US,4.741833508956805
2005-10-01,US,4.350104821802936
2005-11-01,US,3.3385498174230532
2005-12-01,US,3.3385498174230532
2006-01-01,US,4.018789144050117
2006-02-01,US,3.63825363825363
2006-03-01,US,3.4179181771103018
2006-04-01,US,3.613835828600931
2006-05-01,US,3.9772727272727293
2006-06-01,US,4.1817243159525175
2006-07-01,US,4.104669061056954
2006-08-01,US,3.926568077511483
2006-09-01,US,2.012072434607637
2006-10-01,US,1.4063284781516971
2006-11-01,US,1.9687026754164672
2006-12-01,US,2.5239777889954462
2007-01-01,US,2.075765178123423
2007-02-01,US,2.420260782347028
2007-03-01,US,2.798197295943927
2007-04-01,US,2.5929247633283525
2007-05-01,US,2.709885742672613
2007-06-01,US,2.692765113974227
2007-07-01,US,2.3178905864958077
2007-08-01,US,1.897448478900876
2007-09-01,US,2.8338264299802685
2007-10-01,US,3.610698365527476
2007-11-01,US,4.373267326732666
2007-12-01,US,4.108813392417532
2008-01-01,US,4.294695655165981
2008-02-01,US,4.142959270611968
2008-03-01,US,3.9749035501344343
2008-04-01,US,3.9037609759888126
2008-05-01,US,4.088413823123993
2008-06-01,US,4.935966105947864
2008-07-01,US,5.497512078341837
2008-08-01,US,5.308017162091239
2008-09-01,US,4.953319875136075
2008-10-01,US,3.7310578899565128
2008-11-01,US,1.0999174706166848
2008-12-01,US,-0.02222800255385904
2009-01-01,US,-0.11358601902212717
2009-02-01,US,0.008463140671510772
2009-03-01,US,-0.4464787676623838
2009-04-01,US,-0.5763244243767063
2009-05-01,US,-1.015761495855172
2009-06-01,US,-1.2291746182109153
2009-07-01,US,-1.9587610037622771
2009-08-01,US,-1.4838355663267633
2009-09-01,US,-1.377942862886472
2009-10-01,US,-0.22396829420033848
2009-11-01,US,1.9145871744709275
2009-12-01,US,2.8141231232083674
2010-01-01,US,2.6211113889767157
2010-02-01,US,2.151336357866529
2010-03-01,US,2.2861714393279886
2010-04-01,US,2.2067707525304403
2010-05-01,US,2.003548929218568
2010-06-01,US,1.1215605940686268
2010-07-01,US,1.3407784804821077
2010-08-01,US,1.1501775395112546
2010-09-01,US,1.1183122472331775
2010-10-01,US,1.1666951489314625
2010-11-01,US,1.084544776600338
2010-12-01,US,1.437793022217937
2011-01-01,US,1.7007834915029774
2011-02-01,US,2.124898173333145
2011-03-01,US,2.619241510354109
2011-04-01,US,3.0772344447868694
2011-05-01,US,3.4589718808964998
2011-06-01,US,3.5023181506360412
2011-07-01,US,3.5798809769996165
2011-08-01,US,3.75499603070808
2011-09-01,US,3.812621692818685
2011-10-01,US,3.5222681306640524
2011-11-01,US,3.451432214581729
2011-12-01,US,3.062066838419386
2012-01-01,US,3.0087663379855023
2012-02-01,US,2.8981784423473878
2012-03-01,US,2.5828752813320977
2012-04-01,US,2.2731633741348567
2012-05-01,US,1.7379429374660749
2012-06-01,US,1.653870448297634
2012-07-01,US,1.4175114798464783
2012-08-01,US,1.6859349154821235
2012-09-01,US,1.9497168982819613
2012-10-01,US,2.1556780595369363
2012-11-01,US,1.7960197033926262
2012-12-01,US,1.7595049796895523
2013-01-01,US,1.684061762098299
2013-02-01,US,2.0181404902574807
2013-03-01,US,1.5187472411246183
2013-04-01,US,1.138808047576867
2013-05-01,US,1.3903888279197085
2013-06-01,US,1.7157935271568725
2013-07-01,US,1.885471805415806
2013-08-01,US,1.538809488600279
2013-09-01,US,1.0947341081747997
2013-10-01,US,0.8767991434911471
2013-11-01,US,1.2328701961954458
2013-12-01,US,1.5128383667573297
2014-01-01,US,1.557758795574915
2014-02-01,US,1.1204746347724948
2014-03-01,US,1.6126949139408042
2014-04-01,US,2.015125303606169
2014-05-01,US,2.166947687079812
2014-06-01,US,2.0589816945944195
2014-07-01,US,1.9742378703305974
2014-08-01,US,1.7150983482969062
2014-09-01,US,1.6840509711232077
2014-10-01,US,1.6095417021513292
2014-11-01,US,1.231524989320798
2014-12-01,US,0.6531213919623191
2015-01-01,US,-0.22993097820542818
2015-02-01,US,-0.08703146293520536
2015-03-01,US,-0.022031284423873476
2015-04-01,US,-0.10403098939391064
2015-05-01,US,0.03503321824429584
2015-06-01,US,0.1795718097550525
2015-07-01,US,0.22568611104094582
2015-08-01,US,0.2413037985344868
2015-09-01,US,0.008842961634170088
2015-10-01,US,0.12761656067050708
2015-11-01,US,0.4363182169185187
2015-12-01,US,0.6387247515364791
2016-01-01,US,1.2375025026943876
2016-02-01,US,0.8472775790126619
2016-03-01,US,0.8916160965521946
2016-04-01,US,1.1726257503534843
2016-05-01,US,1.0784764621246223
2016-06-01,US,1.0792865347959424
2016-07-01,US,0.8683633430518256
2016-08-01,US,1.0553158595656864
2016-09-01,US,1.5486446201652182
2016-10-01,US,1.685924966243646
2016-11-01,US,1.6843334719788938
2016-12-01,US,2.0507989115119862
2017-01-01,US,2.5103933482571117
2017-02-01,US,2.8103616813294208
2017-03-01,US,2.44119623655914
2017-04-01,US,2.176223471915395
2017-05-01,US,1.8563431667619756
2017-06-01,US,1.640565809959127
2017-07-01,US,1.7251073506566073
2017-08-01,US,1.92812155729698
2017-09-01,US,2.1805652303711787
2017-10-01,US,2.020757753132485
2017-11-01,US,2.172493864295566
2017-12-01,US,2.129930719552253
2018-01-01,US,2.151318868063945
2018-02-01,US,2.263468931091861
2018-03-01,US,2.3309497646499366
2018-04-01,US,2.4709963021052994
2018-05-01,US,2.781921607842497
2018-06-01,US,2.8075506935940187
2018-07-01,US,2.854124785561929
2018-08-01,US,2.6429238568742575
2018-09-01,US,2.332055105808828
2018-10-01,US,2.492032470218053
2018-11-01,US,2.147328577667773
2018-12-01,US,2.0023809043401064
2019-01-01,US,1.4875893578291333
2019-02-01,US,1.5188615351321877
2019-03-01,US,1.8831863513063984
2019-04-01,US,2.000583470209061
2019-05-01,US,1.7959105553606136
2019-06-01,US,1.671194894390049
2019-07-01,US,1.826331335037068
2019-08-01,US,1.7376412106666406
2019-09-01,US,1.6844977040391562
2019-10-01,US,1.7339736996186295
2019-11-01,US,2.092290394862917
2019-12-01,US,2.3195274699624457
2020-01-01,US,2.599767976845202
2020-02-01,US,2.3413166797595197
2020-03-01,US,1.4940399642909163
2020-04-01,US,0.3130472940411133
2020-05-01,US,0.1982013035848551
2020-06-01,US,0.7166562831830481
2020-07-01,US,0.9968647625897997
2020-08-01,US,1.2810698495523853
2020-09-01,US,1.3910228912373812
2020-10-01,US,1.2303863428671624
2020-11-01,US,1.1757452138405844
2020-12-01,US,1.3204191315779434
2021-01-01,US,1.3738437137002402
2021-02-01,US,1.6698167791706853
2021-03-01,US,2.6678187820641908
2021-04-01,US,4.133077115360573
2021-05-01,US,4.918257089467626
2021-06-01,US,5.295632620349999
2021-07-01,US,5.245169381309234
2021-08-01,US,5.152015301793966
2021-09-01,US,5.351215590949132
2021-10-01,US,6.235042390298062
2021-11-01,US,6.901970403700863
2021-12-01,US,7.174340285065539
2022-01-01,US,7.558805726967832
2022-02-01,US,7.937278766517819
2022-03-01,US,8.572204966013853
2022-04-01,US,8.231750770777225
2022-05-01,US,8.538171195642065
2022-06-01,US,8.979361103105798
2022-07-01,US,8.462576727730099
2022-08-01,US,8.222579178218826
2022-09-01,US,8.192106896425821
2022-10-01,US,7.758813957693
2022-11-01,US,7.122856456533988
2022-12-01,US,6.404600402357152
2023-01-01,US,6.327178517960097
2023-02-01,US,5.957820738137087
2023-03-01,US,4.917719362889961
2023-04-01,US,4.950079879124369
2023-05-01,US,4.131851231385042
2023-06-01,US,3.070617072997095
2023-07-01,US,3.287749268428297
2023-08-01,US,3.722504803505289
2023-09-01,US,3.687206638119256
2023-10-01,US,3.2512659098611785
2023-11-01,US,3.1333462745911866
2023-12-01,US,3.3159099427102934
2024-01-01,US,3.0883429864855705
2024-02-01,US,3.157074141648697
2024-03-01,US,3.4868349120836584
2024-04-01,US,3.3607951262196734
2024-05-01,US,3.244278584003113
2024-06-01,US,2.9702579486470926
2024-07-01,US,2.9414757935583014
2024-08-01,US,2.607144490692037
2024-09-01,US,2.4264830315416708
2024-10-01,US,2.578844053871343
2024-11-01,US,2.719472461284833
2024-12-01,US,2.870690967509981
2025-01-01,US,2.9909783078999608
2025-02-01,US,2.8015834477613355
2025-03-01,US,2.381981462805549
2025-04-01,US,2.32538823025783
2025-05-01,US,2.3772651073680873
2025-06-01,US,2.680453865910226
2025-07-01,US,2.742618052167134
2025-08-01,US,2.9385917430316155
2025-09-01,US,3.0225715847133294
2025-11-01,US,2.6964439164939513
2025-12-01,US,2.653304114557753
